{
  "scripts/code_scan.py": {
    "functions": [
      "format_args(args)",
      "scan_file(path)",
      "generate_summary(root)",
      "build_markdown(summary)",
      "main()"
    ],
    "classes": {}
  },
  "scripts/github_tools.py": {
    "functions": [
      "main()"
    ],
    "classes": {}
  },
  "scripts/openrouter_models.py": {
    "functions": [
      "main()"
    ],
    "classes": {}
  },
  "scripts/llm_suggest.py": {
    "functions": [
      "main()"
    ],
    "classes": {}
  },
  "scripts/context_snapshot.py": {
    "functions": [
      "build_dependency_map()",
      "generate_snapshot()",
      "main()"
    ],
    "classes": {}
  },
  "zdownloadmanager/cli.py": {
    "functions": [
      "main(argv)"
    ],
    "classes": {}
  },
  "zdownloadmanager/__init__.py": {
    "functions": [],
    "classes": {}
  },
  "zdownloadmanager/integration/native_messaging_host.py": {
    "functions": [
      "read_message()",
      "write_message(msg)",
      "main()"
    ],
    "classes": {}
  },
  "zdownloadmanager/integration/protocol_handler.py": {
    "functions": [
      "main(argv)"
    ],
    "classes": {}
  },
  "zdownloadmanager/ui/actions_editor.py": {
    "functions": [],
    "classes": {
      "ActionsEditor": [
        "__init__(self, config, parent)",
        "save(self)"
      ]
    }
  },
  "zdownloadmanager/ui/main_window.py": {
    "functions": [
      "main()"
    ],
    "classes": {
      "DownloadWorker": [
        "__init__(self, urls, dest, cfg)",
        "run(self)"
      ],
      "MainWindow": [
        "__init__(self)",
        "_setup_ui(self)",
        "_setup_download_tab(self)",
        "_setup_library_tab(self)",
        "reload_config(self)",
        "edit_actions(self)",
        "edit_suggestion_settings(self)",
        "browse_dest(self)",
        "add_download(self)",
        "on_download_progress(self, item, done, total)",
        "on_download_finished(self, item, new_path, error)",
        "refresh_library(self)",
        "on_tree_context_menu(self, pos)",
        "on_tree_selection_changed(self)",
        "open_file(self, path)",
        "reveal_file(self, path)",
        "add_tag_dialog(self, path)",
        "run_action(self, path, cmd_template)",
        "run_custom_opener(self, path, opener)",
        "rename_file(self, path)",
        "delete_file(self, path)",
        "choose_library_root(self)"
      ]
    }
  },
  "zdownloadmanager/core/knowledge_base.py": {
    "functions": [],
    "classes": {
      "KnowledgeBase": [
        "__init__(self, db_path)",
        "_ensure_schema(self)",
        "_hash_content(self, text)",
        "store_page(self, url, data)",
        "get_page(self, url)",
        "search(self, query, limit)",
        "close(self)"
      ]
    }
  },
  "zdownloadmanager/core/config.py": {
    "functions": [
      "_platform_config_dir()"
    ],
    "classes": {
      "Config": [
        "__init__(self, path)",
        "load(self)",
        "save(self)",
        "piece_size(self)",
        "concurrency(self)",
        "library_roots(self)",
        "categories(self)",
        "actions(self)",
        "custom_openers(self)",
        "suggestions_enabled(self)",
        "openrouter_api_key(self)",
        "openrouter_model(self)",
        "openrouter_max_cost(self)",
        "openrouter_temperature(self)",
        "openrouter_max_tokens(self)",
        "openrouter_top_p(self)",
        "network_enabled(self)",
        "cache_dir(self)",
        "last_version(self)",
        "update(self, **kwargs)"
      ]
    }
  },
  "zdownloadmanager/core/organizer.py": {
    "functions": [],
    "classes": {
      "Organizer": [
        "__init__(self, config)",
        "normalize_filename(self, filename)",
        "determine_category(self, filename)",
        "organise(self, path)"
      ]
    }
  },
  "zdownloadmanager/core/github_adapter.py": {
    "functions": [],
    "classes": {
      "GitHubAdapter": [
        "__init__(self, token)",
        "get_repo_info(self, full_name)",
        "commit_file(self, repo_full_name, path, content, message, branch)",
        "create_pull_request(self, repo_full_name, title, body, head, base)",
        "list_open_issues(self, repo_full_name, limit)",
        "list_open_pull_requests(self, repo_full_name, limit)",
        "list_languages(self, repo_full_name)"
      ]
    }
  },
  "zdownloadmanager/core/context_tools.py": {
    "functions": [
      "build_dependency_map()",
      "generate_context_snapshot()",
      "generate_code_summary()",
      "build_code_markdown(summary)",
      "get_dependencies(path)",
      "get_dependents(path)"
    ],
    "classes": {}
  },
  "zdownloadmanager/core/suggestions.py": {
    "functions": [
      "_choose_model(cfg)",
      "_cache_file(config)",
      "read_cache(config)",
      "clear_cache(config)",
      "stream_suggestion(config, question, model)",
      "get_suggestion(config, question)",
      "_offline_suggestion(config, question)"
    ],
    "classes": {}
  },
  "zdownloadmanager/core/library.py": {
    "functions": [],
    "classes": {
      "Library": [
        "__init__(self, config)",
        "_load_tags(self)",
        "_save_tags(self)",
        "scan(self)",
        "search(self, query)",
        "set_tags(self, path, tags)",
        "add_tag(self, path, tag)",
        "remove_tag(self, path, tag)"
      ]
    }
  },
  "zdownloadmanager/core/downloader.py": {
    "functions": [],
    "classes": {
      "Piece": [],
      "DownloadError": [],
      "SegmentedDownloader": [
        "__init__(self, urls, dest, piece_size, concurrency, timeout, user_agent)",
        "_init_db(self)",
        "_get_meta(self, key)",
        "_set_meta(self, key, value)",
        "_enumerate_pieces(self, file_size)",
        "_load_pieces(self)",
        "_save_piece(self, piece)",
        "_probe_server(self, url)",
        "download(self)",
        "_sequential_download(self, file_size)"
      ]
    }
  },
  "zdownloadmanager/core/webscraper.py": {
    "functions": [
      "scrape_page(url, headings, images, meta, summary, links, timeout)",
      "scrape_links(url, timeout)",
      "scrape_site(url, depth, headings, images, meta, summary, links, timeout)"
    ],
    "classes": {
      "_SimpleHTMLParser": [
        "__init__(self)",
        "handle_starttag(self, tag, attrs)",
        "handle_endtag(self, tag)",
        "handle_data(self, data)"
      ]
    }
  }
}